Date,Dealer,City,Model Year,Mileage,Trim,Price,Discount
2024-11-08,Avis Car Sales - East Boston,E Boston,2024,51600.0,SE,20999,6044.671644477261
2024-10-15,North South Motorcars,Seabrook,2016,54000.0,XLE,14995,6009.020773495875
2024-10-15,Shah Auto Sales Inc,Abington,2020,63157.0,LE,14500,5756.130833962419
2024-10-19,Woburn Toyota,Woburn,2025,7.0,LE,29465,5384.533799999997
2024-11-08,Tasca Toyota Boston,Boston,2025,2.0,LE,29469,5380.866800000003
2024-10-23,"South Point Auto Plaza, Inc.",Albany,2016,53271.0,XLE,15995,5057.572173495875
2024-10-11,Toyota of Nashua,Nashua,2025,6.0,LE,29844,5005.600400000003
2024-10-15,Toyota of Nashua,Nashua,2025,6.0,LE,29844,5005.600400000003
2024-10-12,Toyota of Nashua,Nashua,2025,6.0,LE,29844,5005.600400000003
2024-11-01,Stephen Auto Mall,Bristol,2025,10.0,LE,29844,5005.334000000003
2024-11-02,Ira Toyota of Hyannis,Hyannis,2025,5.0,LE,30154,4695.667000000001
2024-11-07,Nucar Toyota of Norwood,Norwood,2025,3.0,LE,30223,4626.800199999998
2024-10-16,Westboro Toyota,Westborough,2025,1.0,LE,30338,4511.933400000002
2024-10-20,Ira Toyota of Danvers,Danvers,2025,5.0,LE,30383,4466.667000000001
2024-10-20,Nucar Toyota of North Kingstown,North Kingstown,2025,10.0,LE,30383,4466.334000000003
2024-11-08,McGee Toyota of Claremont,Claremont,2025,1.0,LE,30679,4170.933400000002
2024-10-31,Colonial Nissan of Medford,Medford,2016,35571.0,SE,14987,4060.366473495877
2024-10-31,Avis Car Sales - East Boston,E Boston,2024,19224.0,LE,24399,4042.921644477261
2024-10-13,McGee Toyota of Claremont,Claremont,2025,2.0,SE,31608,3999.8584000000046
2024-10-31,Avis Car Sales - East Boston,E Boston,2024,16525.0,LE,24699,3922.6750444772624
2024-10-12,Stephen Auto Mall,Bristol,2025,5.0,LE,30963,3886.667000000001
2024-10-19,Jaffarian Toyota Volvo,Haverhill,2025,2528.0,LE,30990,3691.635199999997
2024-10-16,Woburn Toyota,Woburn,2025,7.0,LE,31162,3687.533799999997
2024-11-06,Loehmann Blasius Chevrolet Cadillac,Waterbury,2023,42078.0,LE,21990,3602.0175894851563
2024-11-08,Ira Toyota of Danvers,Danvers,2025,5.0,LE,31369,3480.6670000000013
2024-11-05,Hertz Car Sales Lynn,Lynn,2023,36166.0,LE,22514,3471.75678948516
2024-10-19,Stephen Auto Mall,Bristol,2025,5.0,LE,31438,3411.6670000000013
2024-10-24,Ira Toyota of Manchester,Manchester,2025,6.0,LE,31459,3390.600400000003
2024-10-21,Toyota of Dartmouth,N. Dartmouth,2025,10.0,LE,31459,3390.3340000000026
2024-11-05,Hertz Car Sales Lynn,Lynn,2023,31443.0,LE,22914,3386.3085894851574
2024-10-16,Kinderhook Toyota,Hudson,2025,195.0,SE,32213,3382.0046
2024-11-04,Wow Toyota of Wallingford,Wallingford,2025,1.0,LE,31484,3365.9334000000017
2024-10-19,Centereach Auto Supercenter,Centereach,2023,9025.0,LE,24435,3358.3473894851595
2024-10-22,Wow Toyota of Wallingford,Wallingford,2025,1.0,LE,31504,3345.9334000000017
2024-10-27,Wow Toyota of Wallingford,Wallingford,2025,1.0,LE,31504,3345.9334000000017
2024-10-18,Wow Toyota of Wallingford,Wallingford,2025,1.0,LE,31504,3345.9334000000017
2024-10-29,Stephen Auto Mall,Bristol,2025,5.0,LE,31504,3345.6670000000013
2024-11-01,Toyota of Nashua,Nashua,2025,6.0,LE,31504,3345.600400000003
2024-10-12,McGee Toyota of Claremont,Claremont,2025,2.0,LE,31577,3272.8668000000034
2024-10-25,Haddad Toyota,Pittsfield,2025,1.0,LE,31614,3235.9334000000017
2024-10-24,Ira Toyota of Danvers,Danvers,2025,3.0,LE,31614,3235.800199999998
2024-11-08,Balise Toyota Springfield,West Springfield,2025,3.0,LE,31614,3235.800199999998
2024-11-08,Balise Toyota Springfield,West Springfield,2025,3.0,LE,31614,3235.800199999998
2024-11-08,Balise Toyota Springfield,West Springfield,2025,3.0,LE,31614,3235.800199999998
2024-10-30,Balise Toyota Springfield,West Springfield,2025,3.0,LE,31614,3235.800199999998
2024-11-08,Balise Toyota Springfield,West Springfield,2025,3.0,LE,31614,3235.800199999998
2024-10-11,Toyota of Nashua,Nashua,2025,8.0,LE,31614,3235.467199999999
2024-10-12,Nucar Toyota of Norwood,Norwood,2025,4.0,LE,31619,3230.7336
2024-11-08,Blasius GMC,Branford,2022,60434.0,LE,19955,3177.839288954521
2024-10-17,Ira Toyota of Hyannis,Hyannis,2025,5.0,LE,31704,3145.6670000000013
2024-10-12,Bill Dube Ford Toyota,Dover,2025,5.0,LE,31739,3110.6670000000013
2024-10-22,Haddad Toyota,Pittsfield,2025,1.0,LE,31749,3100.9334000000017
2024-11-08,Bernardi Toyota,Framingham,2025,10.0,LE,31769,3080.3340000000026
2024-10-25,Avis Car Sales - East Boston,E Boston,2024,21035.0,SE,25999,3080.300644477262
2024-10-31,Ira Toyota of Danvers,Danvers,2025,5.0,LE,31863,2986.6670000000013
2024-10-20,Nucar Toyota of Norwood,Norwood,2025,3.0,LE,31864,2985.800199999998
2024-11-02,Blasius Kia,Watertown,2022,32671.0,LE,21998,2983.855088954522
2024-10-25,Avis Car Sales - East Boston,E Boston,2024,18354.0,SE,26299,2958.8552444772613
2024-11-06,Bernardi Toyota,Framingham,2024,17625.0,LE,25637,2911.4150444772604
2024-11-07,Faith's Toyota,Westminster,2025,5.0,XSE,36921,2880.1786
2024-10-27,Avis Car Sales - East Boston,E Boston,2024,13632.0,SE,26699,2873.3404444772605
2024-10-25,Avis Car Sales - East Boston,E Boston,2024,15929.0,SE,26599,2820.3602444772623
2024-10-20,Nucar Toyota of Norwood,Norwood,2025,3.0,LE,32042,2807.800199999998
2024-10-29,Ira Toyota Saco,Saco,2024,6521.0,LE,26500,2787.941444477263
2024-11-08,Parkway Toyota of Boston,West Roxbury,2016,76409.0,XLE,16744,2767.581373495876
2024-11-08,Ira Toyota of Danvers,Danvers,2025,5.0,LE,32132,2717.6670000000013
2024-10-12,Blasius Pre-Owned Auto Sales,Waterbury,2024,30604.0,LE,24994,2690.0136444772616
2024-10-19,Woburn Toyota,Woburn,2025,7.0,SE,32937,2670.5253999999986
2024-10-29,McGee Toyota of Claremont,Claremont,2025,2.0,SE,32938,2669.8584000000046
2024-11-06,Bernardi Toyota,Framingham,2025,8.0,LE,32194,2655.467199999999
2024-10-18,Parkway Toyota of Boston,West Roxbury,2024,3857.0,XSE,31782,2634.875444477264
2024-10-27,Woburn Toyota,Woburn,2025,50.0,SE,32979,2625.6615999999995
2024-10-13,Gale Toyota,Enfield,2016,104893.0,XSE,15999,2625.0412734958736
2024-10-18,Bill Dube Ford Toyota,Dover,2025,5.0,LE,32274,2575.6670000000013
2024-10-25,Woburn Toyota,Woburn,2025,7.0,XSE,37268,2533.0453999999954
2024-10-12,Lynch Toyota,Manchester,2017,54159.0,XLE,18595,2450.8165789703125
2024-11-01,CarNova Of Southborough,Southborough,2024,20226.0,LE,26000,2375.1884444772622
2024-10-27,McGee Toyota of Dudley,Dudley,2017,103282.0,XLE,15439,2335.224778970314
2024-10-25,Tasca Toyota Boston,Boston,2025,2.0,SE,33294,2313.8584000000046
2024-10-18,Acton Toyota of Littleton,Littleton,2024,28679.0,LE,25500,2312.21864447726
2024-10-29,White River Toyota,White River Junction,2018,60787.0,XLE,20500,2246.4034334317803
2024-10-11,Hoffman Toyota,West Simsbury,2023,13515.0,LE,25250,2244.31338948516
2024-11-04,Imperial Toyota,Milford,2025,5.0,LE,32774,2075.6670000000013
2024-11-08,Lynch Toyota,Manchester,2024,21863.0,SE,26995,2029.155844477264
2024-10-20,Nucar Toyota of Norwood,Norwood,2025,3.0,SE,33652,1955.791799999999
2024-11-02,CarMax South Portland,South Portland,2016,55230.0,XLE,18998,1924.102773495877
2024-11-04,Lia Toyota of Wilbraham,Wilbraham,2018,43627.0,XLE,21995,1894.25943343178
2024-11-02,MINI of Peabody,Peabody,2023,7006.0,XSE,30999,1880.3243894851548
2024-10-16,Kia of East Hartford,East Hartford,2023,14219.0,LE,25591,1856.4269894851568
2024-10-23,Westboro Toyota,Westborough,2023,42450.0,SE,24500,1825.2339894851607
2024-10-31,Autofair Volkswagen,Merrimack,2022,17830.0,SE,24911,1817.257288954523
2024-11-06,Bernardi Toyota,Framingham,2025,1037.0,LE,32998,1782.9357999999993
2024-11-08,Balise Toyota Springfield,West Springfield,2025,3.0,LE,33119,1730.800199999998
2024-10-17,Nucar Toyota of Norwood,Norwood,2018,61377.0,XLE,20988,1719.1094334317786
2024-10-30,Toyota of Smithfield,Smithfield,2019,72181.0,XSE,22824,1718.2052000555414
2024-10-22,Kinderhook Toyota,Hudson,2025,33.0,XLE,37088,1701.8194999999978
2024-10-25,Balise Toyota Springfield,West Springfield,2025,3.0,SE,33914,1693.791799999999
2024-10-25,McGee Toyota of Epping,Epping,2022,23335.0,LE,23929,1674.6326889545198
2024-11-08,Balise Toyota Springfield,West Springfield,2025,3.0,LE,33184,1665.800199999998
2024-10-25,McGee Toyota of Claremont,Claremont,2022,28246.0,XLE,27557,1661.5773889545198
2024-11-06,Stephen Auto Mall,Bristol,2025,5.0,LE,33189,1660.6670000000013
2024-10-17,Bourne's Auto Center,South Easton,2024,12554.0,SE,27990,1654.1352444772638
2024-11-06,Stephen Auto Mall,Bristol,2025,5.0,LE,33209,1640.6670000000013
2024-10-30,Nucar Toyota of North Attleboro,North Attleboro,2024,12093.0,LE,27277,1639.8462444772597
2024-10-13,Ira Toyota of Danvers,Danvers,2025,5.0,SE,33979,1628.6586000000025
2024-10-24,Ira Toyota of Danvers,Danvers,2025,5.0,SE,34004,1603.6586000000025
2024-10-19,Faith's Toyota,Westminster,2025,5.0,XSE,38218,1583.1785999999993
2024-11-08,Balise Toyota Springfield,West Springfield,2025,3.0,LE,33274,1575.800199999998
2024-11-08,Balise Toyota Springfield,West Springfield,2025,3.0,LE,33274,1575.800199999998
2024-11-08,Balise Toyota Springfield,West Springfield,2025,3.0,LE,33274,1575.800199999998
2024-11-08,Balise Toyota Springfield,West Springfield,2025,3.0,LE,33274,1575.800199999998
2024-11-08,Balise Toyota Springfield,West Springfield,2025,3.0,LE,33274,1575.800199999998
2024-10-13,Best Value Auto Service and Sales,Springfield,2022,54002.0,LE,21999,1562.210488954519
2024-10-17,Mirak Hyundai,Arlington,2017,91712.0,XLE,17000,1544.786778970316
2024-10-24,Blasius GMC,Branford,2020,59912.0,LE,18950,1522.2478339624176
2024-10-13,Ira Toyota of Danvers,Danvers,2025,5.0,SE,34100,1507.6586000000025
2024-10-16,Haddad Toyota,Pittsfield,2025,1.0,LE,33344,1505.9334000000017
2024-10-26,Nucar Toyota of Norwood,Norwood,2025,3.0,SE,34138,1469.791799999999
2024-11-04,Copeland Toyota,Brockton,2023,14356.0,LE,25995,1443.3027894851584
2024-10-20,Hertz Car Sales Lynn,Lynn,2024,29855.0,SE,27049,1442.8886444772616
2024-11-06,Stephen Auto Mall,Bristol,2025,5.0,LE,33408,1441.6670000000013
2024-11-06,Ira Toyota of Danvers,Danvers,2025,5.0,LE,33408,1441.6670000000013
2024-10-24,Ira Toyota of Orleans,Orleans,2025,5.0,LE,33409,1440.6670000000013
2024-11-02,Wow Toyota of Wallingford,Wallingford,2025,1.0,LE,33423,1426.9334000000017
2024-11-04,Ira Toyota of Danvers,Danvers,2025,5.0,SE,34183,1424.6586000000025
2024-11-08,Bill Dube Ford Toyota,Dover,2025,7892.0,LE,32900,1424.3928000000014
2024-10-24,Kesh Motors,West Haven,2023,26125.0,SE,25995,1417.47898948516
2024-10-12,Blasius of Attleboro,Attleboro,2022,60705.0,SE,22477,1395.7822889545205
2024-11-07,Nucar Toyota of Norwood,Norwood,2022,26703.0,LE,23988,1391.323888954521
2024-11-06,Balise Honda,West Springfield,2024,15851.0,LE,27288,1378.5634444772622
2024-10-27,Toyota of Smithfield,Smithfield,2022,41000.0,XLE,27000,1369.1609889545216
2024-10-12,Wow Toyota of Wallingford,Wallingford,2025,1.0,LE,33492,1357.9334000000017
2024-11-08,Lia Toyota of Colonie,Schenectady,2024,5624.0,LE,27994,1353.6816444772594
2024-11-03,AutoMax Preowned Marlborough,Marlborough,2024,17003.0,SE,27999,1348.831844477263
2024-10-31,Stephen Auto Mall,Bristol,2025,19.0,LE,33524,1324.7346000000034
2024-10-12,McGee Toyota of Epping,Epping,2018,59461.0,LE,17588,1304.697733431778
2024-11-08,American Eagle Auto Sales,Marlborough,2018,45164.0,SE,19321,1281.8695334317815
2024-10-23,Ira Toyota of Manchester,Manchester,2017,51229.0,XSE,20981,1269.4488789703173
2024-11-06,North Shore Mazda,Danvers,2022,20011.0,XLE,28498,1269.0283889545208
2024-10-30,Nucar Hyundai of North Kingstown,North Kingstown,2018,53266.0,XSE,22991,1265.7963334317828
2024-11-02,Nucar Toyota of Norwood,Norwood,2022,81355.0,LE,20477,1262.5006889545184
2024-10-12,Almanzar Auto Sales,Bridgewater,2021,39399.0,LE,21995,1254.416729018616
2024-10-11,McGovern Toyota of Portsmouth,Portsmouth,2025,5.0,SE,34406,1201.6586000000025
2024-11-01,Wow Toyota of Wallingford,Wallingford,2022,15772.0,LE,24925,1182.3284889545212
2024-11-07,Copeland Toyota,Brockton,2022,29755.0,LE,23995,1181.0606889545195
2024-10-19,Toyota of Smithfield,Smithfield,2024,20629.0,SE,27967,1139.340244477262
2024-10-18,Baron Honda,Patchogue,2018,56196.0,LE,17986,1124.1467334317786
2024-11-01,McGee Toyota of Claremont,Claremont,2025,2.0,XLE,37685,1106.884100000003
2024-10-31,Woburn Toyota,Woburn,2025,7.0,XLE,37699,1092.551099999997
2024-10-25,Hertz Car Sales Lynn,Lynn,2020,62798.0,LE,19202,1078.0402339624195
2024-10-23,Riverhead Toyota,Riverhead,2022,12682.0,SE,25995,1076.1140889545204
2024-11-02,AutoMax Preowned Framingham,Framingham,2024,21328.0,SE,27999,1060.7868444772612
2024-11-01,Nucar Toyota of Norwood,Norwood,2025,3.0,SE,34562,1045.791799999999
2024-11-08,Woburn Toyota,Woburn,2025,7.0,XLE,37760,1031.551099999997
2024-10-19,Stephen Auto Mall,Bristol,2025,5.0,LE,33848,1001.6670000000012
2024-11-06,Toyota of Nashua,Nashua,2022,38431.0,LE,23600,998.2390889545204
2024-10-25,Woburn Toyota,Woburn,2025,7.0,XLE,37815,976.551099999997
2024-10-18,AGM Auto Sales,Malden,2019,80868.0,XSE,22999,964.6510000555428
2024-10-11,Ira Toyota of Danvers,Danvers,2025,5.0,SE,34661,946.6586000000024
2024-11-07,Woburn Toyota,Woburn,2025,7.0,XLE,37851,940.551099999997
2024-11-06,Bernardi Honda,Natick,2024,8426.0,SE,29000,919.0600444772608
2024-11-08,Toyota of Dartmouth,N. Dartmouth,2022,24798.0,LE,24588,918.1968889545204
2024-10-18,Imperial Toyota,Milford,2025,5.0,XSE,38892,909.1785999999992
2024-11-06,Woburn Toyota,Woburn,2025,7.0,XLE,37886,905.551099999997
2024-10-19,Herb Chambers Honda,Dorchester,2022,35665.0,LE,23898,884.45468895452
2024-10-29,Nucar Toyota of Norwood,Norwood,2023,9640.0,LE,26888,864.388389485157
2024-11-06,Woburn Toyota,Woburn,2025,7.0,XLE,37931,860.551099999997
2024-10-12,Blasius of Attleboro,Attleboro,2022,61251.0,SE,22977,859.4186889545199
2024-11-08,Aldermans Toyota,Rutland,2017,87188.0,XLE,18000,846.0851789703156
2024-11-01,Ira Toyota of Manchester,Manchester,2025,5.0,XLE,37949,842.6843000000008
2024-11-06,Bill Dube Ford Toyota,Dover,2025,5.0,SE,34769,838.6586000000025
2024-10-23,Balise Toyota Springfield,West Springfield,2022,47368.0,LE,23184,819.0348889545203
2024-11-02,J&M Automotive,Naugatuck,2019,54000.0,LE,19995,806.5482000555421
2024-10-20,Copeland Toyota,Brockton,2022,20468.0,LE,24995,799.5748889545212
2024-10-13,Faith's Toyota,Westminster,2025,5.0,XLE,38011,780.6843000000008
2024-11-02,Wow Toyota of Wallingford,Wallingford,2025,1.0,XSE,39032,769.4449999999997
2024-10-18,Pro Auto Kingston,Kingston,2016,209485.0,LE,5950,756.7024734958759
2024-10-11,Nucar Toyota of Norwood,Norwood,2022,54435.0,LE,22777,755.3726889545214
2024-10-21,Middletown Toyota,Middletown,2023,45044.0,LE,24641,753.4819894851571
2024-10-24,McGee Toyota of Claremont,Claremont,2025,2.0,XLE,38068,723.884100000003
2024-10-12,Cooley Mazda & Volkswagen,Rensselaer,2022,24912.0,SE,25538,718.5960889545204
2024-10-15,Toyota & Ford of Greenfield,Greenfield,2017,35336.0,XLE,21585,714.428378970315
2024-10-24,Herb Chambers Lexus,Sharon,2024,15164.0,LE,27998,714.3176444772616
2024-11-07,Nucar Toyota of Norwood,Norwood,2025,3.0,XLE,38079,712.8174999999974
2024-11-06,Bernardi Honda,Natick,2017,45054.0,LE,17000,710.1922789703167
2024-10-19,Irwin Automotive Group,Laconia,2025,10.0,XSE,39095,705.8456000000006
2024-10-25,Irwin Automotive Group,Laconia,2024,10106.0,LE,28360,689.1804444772606
2024-11-02,Imperial Toyota,Milford,2024,20937.0,LE,27647,680.8358444772603
2024-11-08,Toyota of Nashua,Nashua,2025,5.0,LE,34180,669.6670000000013
2024-10-22,Nucar Toyota of Norwood,Norwood,2022,33240.0,LE,24277,666.959688954521
2024-10-12,Grimard's Auto Sales,Hooksett,2020,58508.0,LE,19900,665.7542339624197
2024-10-19,Ira Toyota of Danvers,Danvers,2024,2628.0,LE,28887,660.2152444772619
2024-10-23,Tasca Toyota Boston,Boston,2025,2.0,SE,34954,653.8584000000046
2024-10-21,McGee Toyota of Epping,Epping,2022,23076.0,LE,24968,652.8820889545204
2024-11-04,Lia Toyota of Wilbraham,Wilbraham,2021,96350.0,XSE,23795,612.9917290186168
2024-10-11,Lia Toyota of Northampton,Northampton,2024,1819.0,LE,28999,602.0946444772599
2024-10-16,Balise Toyota Springfield,West Springfield,2023,13601.0,LE,26887,601.5857894851579
2024-11-08,Balise Toyota Springfield,West Springfield,2025,3.0,SE,35014,593.7917999999991
2024-10-30,KG Motors ,West Newton,2017,43930.0,SE,17950,593.0422789703152
2024-11-03,Mercedes-Benz of Manchester,Manchester,2021,60835.0,SE,21989,590.7707290186154
2024-10-25,Midway Automotive,Abington,2018,114368.0,LE,14647,588.891533431779
2024-10-27,Ira Toyota of Danvers,Danvers,2022,31138.0,LE,24497,586.9528889545218
2024-11-06,Blasius of Middletown,Middletown,2021,60900.0,SE,21993,582.4417290186175
2024-10-12,Nucar Toyota of North Attleboro,North Attleboro,2025,5.0,SE,35039,568.6586000000025
2024-10-27,Longmeadow Motor Cars Inc,Enfield,2019,98900.0,SE,18015,554.1998000555432
2024-10-12,McGee Toyota of Claremont,Claremont,2020,98266.0,SE,18132,543.8630339624215
2024-10-11,Mercedes-Benz of Westwood,Westwood,2019,45898.0,XSE,25766,526.6530000555431
2024-11-07,Nucar Toyota of Norwood,Norwood,2025,3.0,XLE,38268,523.8174999999974
2024-10-25,Middletown Toyota,Middletown,2023,34298.0,LE,25590,520.1655894851574
2024-11-01,Nucar Toyota of Norwood,Norwood,2025,3.0,XLE,38277,514.8174999999974
2024-10-31,Woburn Toyota,Woburn,2025,7.0,XLE,38331,460.55109999999695
2024-11-06,Bernardi Toyota,Framingham,2021,57045.0,XSE,26569,456.7047290186165
2024-10-24,Balise Toyota Springfield,West Springfield,2022,60621.0,SE,23422,456.3766889545223
2024-10-20,Audi Cape Cod,Hyannis,2019,44397.0,SE,21745,454.099600055546
2024-11-03,Kesh Motors,West Haven,2022,33237.0,LE,24500,444.1594889545195
2024-10-21,Berkshire Mazda,Lenox,2023,14470.0,LE,26988,442.71038948515707
2024-10-25,Nucar Toyota of Norwood,Norwood,2025,4.0,XLE,38354,437.7508999999991
2024-11-02,Irwin Automotive Group,Laconia,2025,10.0,XSE,39372,428.84560000000056
2024-10-17,Nucar Toyota of Norwood,Norwood,2020,30470.0,SE,22777,414.0766339624206
2024-11-08,United Auto Sales,Providence,2021,104722.0,LE,18495,403.9049290186158
2024-10-19,Irwin Automotive Group,Laconia,2025,3224.0,SE,34992,401.27320000000327
2024-10-12,Blasius of Attleboro,Attleboro,2022,68219.0,SE,22977,395.3498889545226
2024-11-01,Zee Auto Sports,Manchester,2019,135337.0,LE,14995,389.5040000555418
2024-10-31,Wow Toyota of Wallingford,Wallingford,2021,115074.0,LE,17825,384.4617290186143
2024-11-01,McGovern Toyota of Portsmouth,Portsmouth,2024,3046.0,SE,29897,380.3680444772617
2024-10-12,Toyota of Nashua,Nashua,2025,5.0,LE,34473,376.6670000000013
2024-10-22,Haddad Toyota,Pittsfield,2023,11726.0,LE,27242,371.4607894851579
2024-11-07,CarMax Norwood,Norwood,2021,37735.0,LE,22998,362.2391290186133
2024-10-12,Nucar Toyota of Norwood,Norwood,2025,4.0,SE,35249,358.7252000000008
2024-10-16,Grieco Ford Branford,Branford,2018,94084.0,SE,16988,356.79753343178163
2024-10-30,Irwin Automotive Group,Laconia,2025,10.0,XSE,39445,355.84560000000056
2024-10-24,Balise Toyota Springfield,West Springfield,2022,64074.0,SE,23310,338.4068889545233
2024-10-23,Balise Toyota Springfield,West Springfield,2019,79544.0,LE,18765,335.31780005554174
2024-10-12,Blasius of Attleboro,Attleboro,2022,69200.0,SE,22977,330.01528895452066
2024-11-07,Herb Chambers Lincoln of Norwood,Norwood,2018,53111.0,LE,18998,317.6077334317815
2024-11-06,Blasius of Middletown,Middletown,2022,56894.0,SE,23811,315.5948889545216
2024-10-25,Stamas Auto & Truck Center,Cranston,2018,112605.0,XSE,19995,309.81893343177944
2024-11-02,Ira Toyota of Manchester,Manchester,2025,5.0,SE,35309,298.6586000000025
2024-10-28,Middletown Toyota,Middletown,2024,36680.0,LE,26990,289.3520444772621
2024-10-28,Atlantic Toyota,Lynn,2021,40046.0,LE,22922,284.32652901861366
2024-10-25,Tasca Toyota Boston,Boston,2025,2.0,SE,35354,253.85840000000465
2024-11-02,Hoffman Toyota,West Simsbury,2024,22064.0,LE,28000,252.7776444772608
2024-10-27,Herb Chambers Toyota of Auburn,Auburn,2022,88763.0,LE,20998,248.12788895452104
2024-10-24,BMW of Norwood,Norwood,2019,93237.0,LE,17972,216.3640000555424
2024-10-15,Crafts Cars,Lisbon,2019,104530.0,SE,17990,204.24180005554445
2024-11-01,Faith's Toyota,Westminster,2025,5.0,XLE,38600,191.6843000000008
2024-10-12,Nucar Toyota of Norwood,Norwood,2025,3.0,SE,35418,189.79179999999903
2024-10-31,McGee Toyota of Dudley,Dudley,2023,20357.0,LE,26870,168.63618948515796
2024-10-25,RT28 Motors,North Reading,2021,90300.0,SE,20495,122.4017290186166
2024-10-16,Toyota of Nashua,Nashua,2023,34192.0,LE,26000,117.2251894851579
2024-10-11,AGM Auto Sales,Malden,2020,94605.0,XSE,22999,114.20563396241778
2024-10-27,Ira Toyota of Danvers,Danvers,2025,5.0,XLE,38688,103.6843000000008
2024-10-15,Wow Toyota of Wallingford,Wallingford,2025,1.0,LE,34770,79.93340000000171
2024-10-26,Balise Toyota Springfield,West Springfield,2024,11421.0,LE,28894,67.6014444772627
2024-11-02,"Tim's Truck Capital & Auto Sales, Inc.",Epsom,2019,95113.0,LE,17999,64.42240005554413
2024-11-06,Bristol Toyota,Swansea,2020,51144.0,LE,20999,57.19663396241958
2024-10-17,White River Toyota,White River Junction,2023,39052.0,SE,26500,51.54078948515962
2024-10-21,McGee Toyota of Dudley,Dudley,2017,51229.0,SE,18009,47.92887897031687
2024-11-02,Audi Natick,Natick,2020,36915.0,XLE,25900,45.865333962417935
2024-11-06,Tasca Toyota Boston,Boston,2017,41594.0,LE,17900,40.62827897031457
2024-10-11,Middletown Toyota,Middletown,2021,58005.0,LE,21977,33.25712901861334
2024-10-19,Patriot Subaru,Saco,2020,33217.0,SE,23000,8.126433962421288
2024-10-19,Ira Toyota of Manchester,Manchester,2019,18521.0,XSE,28116,-0.0387999444574234
2024-10-11,AutoMax Preowned Marlborough,Marlborough,2022,49822.0,SE,24599,-1.4099110454772017
2024-10-29,Nucar Toyota of Norwood,Norwood,2023,17181.0,LE,27277,-26.84221051484201
2024-11-02,Wow Toyota of Wallingford,Wallingford,2025,1.0,LE,34884,-34.06659999999829
2024-10-24,Hermes Auto Sales,Taunton,2017,104307.0,LE,13799,-35.05752102968472
2024-10-26,Wedekind Motors,Schenectady,2022,59440.0,SE,23995,-37.96871104547972
2024-10-27,Irwin Automotive Group,Laconia,2025,10.0,XLE,38831,-39.64869999999792
2024-11-06,Rochester Toyota,Rochester,2023,22435.0,LE,26953,-52.75861051484026
2024-10-23,Ira Toyota of Manchester,Manchester,2025,5.0,XLE,38849,-57.3156999999992
2024-11-08,Tasca Toyota Boston,Boston,2025,2.0,XSE,39894,-92.62159999999858
2024-10-13,McGee Toyota of Epping,Epping,2024,8992.0,SE,29997,-115.63555552273829
2024-11-08,Toyota of Nashua,Nashua,2025,1.0,XSE,39923,-121.55500000000028
2024-11-04,McGovern Toyota of Portsmouth,Portsmouth,2022,4602.0,LE,26974,-122.74951104548018
2024-11-04,Wow Toyota of Wallingford,Wallingford,2025,1.0,LE,34973,-123.06659999999827
2024-10-11,J&M Automotive,Naugatuck,2016,98384.0,SE,14995,-130.97932650412258
2024-10-30,Nucar Toyota of Norwood,Norwood,2024,8710.0,LE,29277,-134.84595552273822
2024-10-12,Imperial Toyota,Milford,2024,24693.0,SE,28977,-141.3221555227392
2024-11-02,CarMax Warwick,Cranston,2019,68234.0,LE,19998,-144.43619994445908
2024-10-28,McGovern Ford of Saugus,Saugus,2019,45545.0,XSE,26495,-178.8371999444571
2024-10-25,Westbrook Toyota,Westbrook,2025,1.0,SE,35791,-183.0749999999971
2024-10-12,Nucar Toyota of Norwood,Norwood,2025,3.0,SE,35794,-186.2082000000009
2024-10-27,Toyota of Braintree,Braintree,2024,7275.0,LE,29425,-187.2749555227383
2024-10-31,Wakefield Auto Gallery,Wakefield,2016,133175.0,LE,11990,-201.0515265041249
2024-11-04,Imperial Toyota,Milford,2025,407.0,XSE,39977,-202.594600000004
2024-11-01,Toyota of Dartmouth,N. Dartmouth,2021,16907.0,LE,24999,-251.61607098138484
2024-10-25,Canobie Lake Toyota,Salem,2022,51505.0,LE,24000,-272.48931104547955
2024-11-08,Balise Toyota Springfield,West Springfield,2025,3.0,SE,35884,-276.20820000000094
2024-11-08,Balise Toyota Springfield,West Springfield,2025,3.0,SE,35884,-276.20820000000094
2024-10-29,Romeo Toyota of Glens Falls,Glens Falls,2019,65753.0,LE,20300,-281.20159994445567
2024-10-20,Ira Toyota of Danvers,Danvers,2022,4686.0,LE,27147,-301.3439110454783
2024-11-02,Ira Toyota of Danvers,Danvers,2025,5.0,XSE,40106,-304.8214000000007
2024-10-23,Imperial Toyota,Milford,2023,18858.0,LE,27477,-338.5304105148425
2024-10-25,McGovern Toyota of Portsmouth,Portsmouth,2025,5.0,SE,35949,-341.3413999999975
2024-10-12,Blasius of Bristol,Bristol,2022,21862.0,XSE,30999,-345.7539110454818
2024-11-06,Bernardi Toyota,Framingham,2023,1815.0,LE,28620,-346.4666105148426
2024-10-23,Balise Toyota Springfield,West Springfield,2017,72523.0,SE,16989,-350.2515210296842
2024-10-26,Faith's Toyota,Westminster,2025,5.0,XSE,40153,-351.8214000000007
2024-11-06,Bernardi Toyota,Framingham,2023,9872.0,LE,28089,-352.06281051484257
2024-11-06,CarFive - Nashua,Nashua,2021,61383.0,SE,22900,-356.7260709813854
2024-11-06,Ira Toyota of Danvers,Danvers,2020,29031.0,LE,22897,-368.07756603758025
2024-10-30,Nucar Toyota of Norwood,Norwood,2021,28728.0,XLE,28277,-374.8773709813868
2024-10-31,Toyota of Dartmouth,N. Dartmouth,2022,23209.0,LE,25988,-375.9757110454812
2024-10-29,Lia Toyota of Wilbraham,Wilbraham,2019,147058.0,LE,14995,-391.114599944458
2024-11-04,Toyota of Nashua,Nashua,2019,80345.0,SE,20200,-395.0371999444542
2024-11-06,Bernardi Toyota,Framingham,2023,4333.0,LE,28530,-424.1654105148409
2024-11-02,"Auto Fair, Inc.",West Haven,2019,44160.0,LE,21891,-434.1077999444569
2024-10-25,Woburn Toyota,Woburn,2025,7.0,XLE,39233,-441.4489000000031
2024-10-27,Woburn Toyota,Woburn,2023,13099.0,LE,27985,-462.9810105148426
2024-10-21,Autofair Volkswagen,Merrimack,2019,29226.0,LE,22919,-467.5033999444568
2024-10-25,Herb Chambers Lexus of Hingham,Hingham,2019,73161.0,LE,19998,-472.5743999444567
2024-10-31,Tasca Ford Cranston,Cranston,2018,66492.0,LE,18900,-475.5668665682206
2024-10-31,Ocean Honda of Brockton,Brockton,2018,80202.0,LE,17998,-486.6528665682199
2024-11-02,AutoMax Preowned Marlborough,Marlborough,2020,40679.0,SE,22999,-487.8427660375819
2024-10-20,Nucar Toyota of North Kingstown,North Kingstown,2025,10.0,SE,36109,-501.6743999999962
2024-11-08,Irwin Automotive Group,Laconia,2025,10.0,XLE,39299,-507.6486999999979
2024-10-19,Ira Toyota of Danvers,Danvers,2024,2.0,SE,30988,-507.9015555227379
2024-10-25,Westbrook Toyota,Westbrook,2025,4.0,XSE,40313,-511.7548000000024
2024-10-26,Nucar Toyota of Norwood,Norwood,2025,3.0,SE,36134,-526.2082000000009
2024-10-29,McGee Toyota of Claremont,Claremont,2025,1.0,XLE,39334,-542.0492999999988
2024-10-25,Newfield Auto Sales,Middletown,2021,32811.0,SE,24990,-543.8308709813828
2024-10-26,Ira Toyota of Orleans,Orleans,2018,99113.0,LE,16800,-548.1254665682209
2024-10-28,Ira Toyota of Manchester,Manchester,2017,143289.0,SE,12491,-565.2671210296849
2024-10-25,Nucar Toyota of Norwood,Norwood,2021,6822.0,LE,25988,-568.9550709813848
2024-10-21,Middletown Toyota,Middletown,2017,12367.0,LE,20477,-589.8535210296832
2024-11-01,Canobie Lake Toyota,Salem,2025,5.0,XSE,40393,-591.8214000000007
2024-11-06,Woburn Toyota,Woburn,2025,7.0,XLE,39398,-606.448900000003
2024-11-02,Kia North Danvers,Danvers,2024,16582.0,SE,29987,-611.1295555227371
2024-11-03,CarMax Westborough,Westborough,2017,106721.0,SE,14998,-636.8383210296852
2024-11-08,Lewis Motors,Brentwood,2020,106730.0,LE,17995,-640.8309660375817
2024-10-29,Lundgren Honda of Auburn,Auburn,2022,32837.0,LE,25621,-650.2005110454811
2024-10-21,Middletown Toyota,Middletown,2023,36858.0,LE,26590,-650.3304105148418
2024-10-19,Irwin Automotive Group,Laconia,2025,10.0,XLE,39446,-654.6486999999979
2024-11-02,Tasca Toyota Boston,Boston,2025,1.0,XLE,39469,-677.0492999999988
2024-11-02,Tasca Toyota Boston,Boston,2025,2.0,XLE,39469,-677.115899999997
2024-10-22,Tasca Toyota Boston,Boston,2025,2.0,XLE,39469,-677.115899999997
2024-10-25,Tasca Toyota Boston,Boston,2025,2.0,XLE,39469,-677.115899999997
2024-10-25,Nucar Toyota of Norwood,Norwood,2019,30623.0,XSE,27988,-678.0319999444582
2024-11-08,McGee Toyota of Claremont,Claremont,2025,1.0,XLE,39473,-681.0492999999988
2024-11-08,Balise Toyota Springfield,West Springfield,2025,3.0,SE,36309,-701.2082000000009
2024-10-27,Acton Toyota of Littleton,Littleton,2019,73059.0,SE,21000,-709.7895999444554
2024-10-30,Werner Mazda,Manchester,2020,81682.0,SE,20500,-719.642566037579
2024-10-27,Imperial Toyota,Milford,2020,33329.0,LE,22977,-734.3243660375811
2024-10-11,"Auto Gals, Inc.",Fall River,2020,47232.0,XLE,25995,-736.2468660375816
2024-10-25,Woburn Toyota,Woburn,2025,7.0,XLE,39543,-751.448900000003
2024-10-18,Wow Toyota of Wallingford,Wallingford,2025,1.0,LE,35622,-772.0665999999983
2024-10-17,Vernon Auto Sales & Service,Manchester,2018,99631.0,LE,16995,-777.6242665682203
2024-11-07,Pro Auto Kingston,Kingston,2017,221586.0,SE,7495,-783.8473210296852
2024-11-08,McGee Toyota of Claremont,Claremont,2025,5.0,XSE,40590,-788.8214000000007
2024-10-30,Irwin Automotive Group,Laconia,2025,10.0,XLE,39607,-815.6486999999979
2024-10-14,Nucar Toyota of North Kingstown,North Kingstown,2016,93872.0,SE,15991,-826.4801265041224
2024-11-08,McGee Toyota of Claremont,Claremont,2025,1.0,XLE,39628,-836.0492999999988
2024-10-25,North End Motors,Canton,2020,53602.0,SE,22500,-849.5145660375783
2024-10-30,South Easton Motor Sales,South Easton,2017,79995.0,SE,16995,-853.8867210296848
2024-10-25,McGovern Toyota of Portsmouth,Portsmouth,2025,5.0,SE,36464,-856.3413999999975
2024-10-12,Ira Toyota Saco,Saco,2024,20211.0,SE,30000,-865.8209555227368
2024-10-30,Toyota of Smithfield,Smithfield,2023,23584.0,SE,28466,-884.2904105148409
2024-10-19,White River Toyota,White River Junction,2025,150.0,SE,36489,-890.9983999999968
2024-11-06,Tasca Toyota Boston,Boston,2025,1.0,XLE,39689,-897.0492999999988
2024-10-24,Nucar Toyota of Norwood,Norwood,2025,3.0,SE,36512,-904.2082000000008
2024-10-12,Romeo Toyota of Glens Falls,Glens Falls,2016,96422.0,SE,15900,-905.3101265041224
2024-10-25,Lia Toyota of Colonie,Schenectady,2022,57474.0,SE,24994,-906.033111045479
2024-11-07,Portsmouth Chevrolet,Portsmouth,2017,69575.0,LE,16995,-917.9063210296844
2024-10-30,Ira Toyota of Manchester,Manchester,2022,31606.0,LE,25981,-928.2159110454812
2024-11-01,CarMax Waterbury,Waterbury,2021,38858.0,SE,24998,-954.5610709813844
2024-10-19,Nucar Toyota of North Kingstown,North Kingstown,2025,10.0,XSE,40783,-982.1543999999994
2024-10-27,Jaffarian Toyota Volvo,Haverhill,2023,20172.0,XLE,31980,-987.0255105148426
2024-10-21,Parkway Toyota of Boston,West Roxbury,2016,91290.0,LE,15577,-998.5105265041238
2024-10-21,Hartford Toyota Super Store,Hartford,2019,75500.0,LE,20369,-999.3517999444556
2024-10-16,Riverhead Mazda,Riverhead,2022,33630.0,SE,26687,-1011.0227110454798
2024-10-23,Tasca Toyota Boston,Boston,2023,2528.0,SE,29999,-1014.96081051484
2024-10-22,Cappys Auto ,Whitinsville,2016,40350.0,LE,18995,-1023.9065265041244
2024-10-19,Woburn Toyota,Woburn,2021,43867.0,LE,23985,-1033.152070981385
2024-10-30,Middletown Toyota,Middletown,2021,10563.0,SE,26990,-1062.1140709813844
2024-11-01,Lia Toyota of Northampton,Northampton,2023,28385.0,XLE,31511,-1065.0113105148412
2024-10-12,Copeland Toyota,Brockton,2024,23320.0,SE,29995,-1067.880355522739
2024-10-16,Imperial Toyota,Milford,2024,1162.0,SE,31477,-1074.1575555227391
2024-11-01,Tasca Toyota Boston,Boston,2025,1.0,XLE,39894,-1102.0492999999988
2024-10-25,Tasca Toyota Boston,Boston,2025,2.0,XLE,39894,-1102.115899999997
2024-11-02,Toyota & Ford of Greenfield,Greenfield,2023,11556.0,SE,29485,-1102.2256105148408
2024-11-02,Woburn Toyota,Woburn,2021,65162.0,SE,23395,-1103.407470981383
2024-10-18,Lia Toyota of Northampton,Northampton,2017,23863.0,LE,20240,-1118.4871210296842
2024-10-18,AutoFair Toyota of Tewksbury,Tewksbury,2017,102693.0,LE,14999,-1127.5651210296855
2024-10-12,Ira Toyota of Hyannis,Hyannis,2023,59783.0,SE,26300,-1129.1438105148409
2024-10-11,Copeland Toyota,Brockton,2021,40093.0,SE,25128,-1166.8120709813847
2024-10-15,Lia Toyota of Colonie,Schenectady,2021,12167.0,SE,26995,-1173.9404709813823
2024-10-12,Nucar Toyota of Norwood,Norwood,2021,15144.0,XLE,29988,-1181.1829709813865
2024-10-28,Suburban Subaru,Vernon Rockville,2021,64826.0,SE,23500,-1186.0298709813833
2024-10-12,Lynch Toyota,Manchester,2023,26183.0,SE,28595,-1186.3838105148388
2024-10-18,Nucar Toyota of North Kingstown,North Kingstown,2018,62647.0,LE,19891,-1210.4898665682194
2024-10-18,Woburn Toyota,Woburn,2016,88540.0,LE,15985,-1223.3605265041224
2024-10-12,Grieco Hyundai of Johnston,Johnston,2020,81913.0,SE,20992,-1227.0271660375802
2024-10-16,Jaffarian Toyota Volvo,Haverhill,2021,46348.0,SE,24780,-1235.3950709813837
2024-10-18,Nucar Nissan of Norwood,Norwood,2016,90023.0,LE,15900,-1237.1283265041238
2024-10-12,Ira Toyota of Hyannis,Hyannis,2023,61436.0,SE,26300,-1239.2336105148424
2024-10-19,United Auto Sales,Providence,2017,59610.0,LE,17995,-1254.2373210296864
2024-10-12,First Hyundai,North Attleboro,2017,76312.0,LE,16900,-1271.5905210296842
2024-10-30,Nucar Toyota of Norwood,Norwood,2024,4116.0,SE,31488,-1281.893955522737
2024-10-23,Nucar Toyota of Norwood,Norwood,2016,85116.0,LE,16277,-1287.3221265041248
2024-11-04,Imperial Toyota,Milford,2025,5.0,XLE,40084,-1292.3156999999992
2024-11-01,Stephen Auto Mall,Bristol,2022,71242.0,SE,24466,-1294.981911045477
2024-11-02,Route 44 Hyundai,Raynham,2023,13520.0,XLE,32734,-1298.002310514843
2024-10-11,Hoffman Toyota,West Simsbury,2023,10943.0,SE,29750,-1326.399810514842
2024-11-05,CarMax Danvers,Danvers,2017,60920.0,LE,17998,-1344.4833210296856
2024-11-02,Ira Toyota of Hyannis,Hyannis,2023,27045.0,XSE,32900,-1355.273010514844
2024-10-19,Ira Toyota of Danvers,Danvers,2018,10285.0,XSE,28477,-1357.669066568218
2024-11-04,Ira Toyota of Danvers,Danvers,2025,5.0,XSE,41163,-1361.8214000000007
2024-11-01,McGee Toyota of Claremont,Claremont,2025,2.0,XSE,41167,-1365.6215999999986
2024-11-06,Bernardi Toyota,Framingham,2017,64852.0,LE,17767,-1375.354521029687
2024-10-16,Toyota of Nashua,Nashua,2023,48485.0,SE,27300,-1376.6970105148391
2024-11-04,Toyota of Nashua,Nashua,2025,5.0,XLE,40179,-1387.3156999999992
2024-11-04,Bill Dube Ford Toyota,Dover,2025,5.0,XLE,40179,-1387.3156999999992
2024-11-04,Toyota of Nashua,Nashua,2025,5.0,XLE,40179,-1387.3156999999992
2024-10-15,CarMax Westborough,Westborough,2022,34780.0,SE,26998,-1398.61271104548
2024-10-26,Ira Toyota of Manchester,Manchester,2020,53974.0,SE,23035,-1409.289766037582
2024-10-20,Ira Toyota of Danvers,Danvers,2018,139125.0,LE,14997,-1409.9246665682203
2024-10-21,Audi Volkswagen Pittsfield - Berkshire BMW,Pittsfield,2020,24732.0,SE,24999,-1425.77256603758
2024-10-27,Autobahn USA,Westborough,2016,57709.0,SE,18999,-1426.0243265041208
2024-10-15,Toyota of Keene,E Swanzey,2017,17234.0,LE,20995,-1431.9957210296852
2024-10-29,Romeo Toyota of Glens Falls,Glens Falls,2020,11656.0,SE,25900,-1455.9109660375798
2024-10-19,Ira Toyota Saco,Saco,2019,129579.0,SE,17990,-1464.0215999444554
2024-10-27,Toyota of Braintree,Braintree,2017,67997.0,LE,17650,-1467.8115210296855
2024-10-25,Ira Toyota of Manchester,Manchester,2022,88520.0,SE,23491,-1470.6967110454789
2024-11-06,Herb Chambers Hyundai of Auburn,Auburn,2018,110242.0,LE,16998,-1487.3168665682206
2024-10-22,Toyota of Nashua,Nashua,2017,85589.0,LE,16500,-1489.4387210296843
2024-11-01,Imperial Toyota,Milford,2024,17868.0,SE,30785,-1494.7771555227373
2024-11-07,Nucar Toyota of North Attleboro,North Attleboro,2025,5.0,XLE,40294,-1502.3156999999992
2024-10-23,Toyota of Dartmouth,N. Dartmouth,2018,80956.0,LE,18988,-1526.869266568221
2024-10-12,Balise Toyota Springfield,West Springfield,2025,3.0,XLE,40334,-1542.1825000000026
2024-10-12,Balise Toyota Springfield,West Springfield,2025,3.0,XLE,40334,-1542.1825000000026
2024-10-24,CarMax Manchester,Manchester,2021,21398.0,LE,25998,-1549.7166709813864
2024-10-15,Toyota & Ford of Greenfield,Greenfield,2022,34416.0,SE,27188,-1564.3703110454771
2024-10-11,McGee Toyota of Hanover,Hanover,2021,23355.0,LE,25898,-1580.0528709813843
2024-10-24,CarMax Westborough,Westborough,2022,11436.0,LE,27998,-1601.8939110454812
2024-10-23,Nucar Toyota of Norwood,Norwood,2023,16286.0,SE,29677,-1609.2436105148408
2024-10-26,Nucar Toyota of Norwood,Norwood,2025,3.0,XLE,40404,-1612.1825000000026
2024-10-30,Balise Toyota Springfield,West Springfield,2025,3.0,XLE,40424,-1632.1825000000026
2024-10-23,Toyota of Dartmouth,N. Dartmouth,2023,30021.0,XSE,32988,-1641.4746105148442
2024-10-26,FAZZA GROUP,Marlborough,2023,30418.0,XSE,32998,-1677.9148105148452
2024-11-08,Balise Toyota Springfield,West Springfield,2025,3.0,XLE,40489,-1697.1825000000026
2024-10-30,Nucar Toyota of Norwood,Norwood,2025,4.0,XLE,40489,-1697.249100000001
2024-11-02,Ira Toyota of Hyannis,Hyannis,2025,5.0,XLE,40489,-1697.3156999999992
2024-10-17,Ira Toyota of Danvers,Danvers,2025,5.0,XLE,40489,-1697.3156999999992
2024-10-11,Toyota of Nashua,Nashua,2025,5.0,XLE,40489,-1697.3156999999992
2024-11-08,Ira Toyota of Danvers,Danvers,2025,5.0,XLE,40489,-1697.3156999999992
2024-11-06,Bernardi Toyota,Framingham,2025,11.0,XLE,40489,-1697.7153000000037
2024-10-19,Lynch Toyota,Manchester,2021,26180.0,SE,26595,-1707.2062709813836
2024-10-19,Nucar Toyota of Norwood,Norwood,2021,87899.0,SE,22488,-1710.691670981385
2024-10-20,Wagner Kia of Shrewsbury,Shrewsbury,2018,68972.0,LE,20000,-1740.734866568222
2024-10-27,Charlie's Toyota,Augusta,2024,6264.0,XLE,34995,-1747.9250555227336
2024-10-26,Nucar Toyota of Norwood,Norwood,2025,3.0,XLE,40542,-1750.1825000000026
2024-10-15,Ira Toyota of Manchester,Manchester,2024,3.0,LE,31483,-1760.9597555227374
2024-10-17,"Route 110 Auto, Inc.",Dracut,2017,93765.0,SE,16990,-1765.9687210296834
2024-11-07,Ira Toyota of Manchester,Manchester,2025,5.0,XLE,40558,-1766.3156999999992
2024-10-16,Toyota of Nashua,Nashua,2025,5.0,XLE,40559,-1767.3156999999992
2024-10-23,Ira Toyota of Danvers,Danvers,2025,5.0,XLE,40579,-1787.3156999999992
2024-11-06,Bernardi Toyota,Framingham,2025,11.0,XLE,40579,-1787.7153000000037
2024-10-24,Nucar Toyota of Norwood,Norwood,2025,3.0,XLE,40584,-1792.1825000000026
2024-10-31,Ira Toyota of Orleans,Orleans,2021,40201.0,SE,25750,-1796.0048709813857
2024-10-24,Ira Toyota of Danvers,Danvers,2025,5.0,XLE,40604,-1812.3156999999992
2024-11-06,Bernardi Toyota,Framingham,2025,10.0,XLE,40604,-1812.648699999998
2024-11-02,Toyota of Nashua,Nashua,2025,1.0,XSE,41619,-1817.5550000000003
2024-10-23,Ira Toyota of Danvers,Danvers,2022,21674.0,SE,28297,-1824.75311104548
2024-10-15,Ira Toyota of Hyannis,Hyannis,2025,5.0,XLE,40628,-1836.3156999999992
2024-10-18,Ira Toyota of Hyannis,Hyannis,2025,5.0,XLE,40628,-1836.3156999999992
2024-10-24,Lexus of Watertown,Watertown,2024,5095.0,SE,31996,-1855.0953555227388
2024-10-29,Ira Toyota of Manchester,Manchester,2025,5.0,XLE,40649,-1857.3156999999992
2024-11-08,Toyota of Nashua,Nashua,2025,5.0,XLE,40649,-1857.3156999999992
2024-10-18,Wow Toyota of Wallingford,Wallingford,2025,1.0,LE,36708,-1858.0665999999983
2024-10-27,Wow Toyota of Wallingford,Wallingford,2025,1.0,LE,36708,-1858.0665999999983
2024-11-02,Toyota of Nashua,Nashua,2025,5.0,XLE,40653,-1861.3156999999992
2024-11-08,Cars of Boston,Newton,2016,114445.0,LE,14900,-1863.6335265041237
2024-10-25,Ira Toyota of Danvers,Danvers,2022,29634.0,XLE,30997,-1870.8634110454805
2024-11-02,Ira Toyota of Danvers,Danvers,2025,5.0,XLE,40663,-1871.3156999999992
2024-10-27,Jaffarian Toyota Volvo,Haverhill,2024,8337.0,XSE,35990,-1871.4925555227385
2024-10-29,Woburn Toyota,Woburn,2022,79709.0,SE,24495,-1887.8841110454773
2024-10-15,Wow Toyota of Wallingford,Wallingford,2025,1.0,LE,36753,-1903.0665999999983
2024-10-22,Ira Toyota of Manchester,Manchester,2025,5.0,XSE,41718,-1916.8214000000007
2024-10-24,Atlantic Toyota,Lynn,2021,39887.0,SE,25900,-1925.0924709813844
2024-10-26,Nucar Toyota of North Kingstown,North Kingstown,2025,10.0,SE,37539,-1931.674399999996
2024-10-11,Commonwealth Motors,Lawrence,2016,114066.0,LE,15000,-1938.3921265041245
2024-11-06,Ira Toyota of Danvers,Danvers,2025,5.0,XLE,40743,-1951.3156999999992
2024-10-27,Ira Toyota of Hyannis,Hyannis,2025,5.0,XLE,40758,-1966.3156999999992
2024-11-08,Toyota of Nashua,Nashua,2025,5.0,XLE,40758,-1966.3156999999992
2024-11-02,CarMax Danvers,Danvers,2018,87777.0,LE,18998,-1991.1478665682223
2024-10-21,Toyota of Nashua,Nashua,2025,5.0,XLE,40783,-1991.3156999999992
2024-11-01,Ira Toyota of Danvers,Danvers,2025,5.0,XLE,40787,-1995.3156999999992
2024-10-19,Ira Toyota of Danvers,Danvers,2025,5.0,XLE,40818,-2026.3156999999992
2024-10-30,Irwin Automotive Group,Laconia,2025,10.0,XLE,40819,-2027.648699999998
2024-10-23,Parkway Toyota of Boston,West Roxbury,2021,53814.0,XSE,29274,-2033.110670981383
2024-10-11,Lynch Toyota,Manchester,2017,116538.0,LE,14995,-2045.642121029687
2024-11-08,Balise Toyota Springfield,West Springfield,2025,3.0,XLE,40849,-2057.1825000000026
2024-10-12,Imperial Toyota,Milford,2024,8440.0,SE,31977,-2058.872355522737
2024-11-02,Imperial Toyota,Milford,2022,33767.0,LE,26977,-2068.1385110454794
2024-11-04,Ira Toyota of Danvers,Danvers,2025,5.0,XLE,40904,-2112.315699999999
2024-11-07,Toyota of Nashua,Nashua,2025,5.0,XLE,40909,-2117.315699999999
2024-10-17,Ira Toyota of Hyannis,Hyannis,2025,5.0,XLE,40914,-2122.315699999999
2024-10-19,Ira Toyota of Orleans,Orleans,2025,5.0,XLE,40914,-2122.315699999999
2024-11-04,Ira Toyota of Danvers,Danvers,2025,5.0,XLE,40914,-2122.315699999999
2024-11-01,Toyota of Nashua,Nashua,2025,5.0,XLE,40914,-2122.315699999999
2024-11-03,CarMax Westborough,Westborough,2020,99621.0,LE,19998,-2170.371566037582
2024-10-11,Ira Toyota of Manchester,Manchester,2025,5.0,XLE,40988,-2196.315699999999
2024-10-24,Ira Toyota of Manchester,Manchester,2025,6.0,XLE,40988,-2196.382299999997
2024-11-02,Ira Toyota of Danvers,Danvers,2025,5.0,XLE,40993,-2201.315699999999
2024-10-19,Ira Toyota of Danvers,Danvers,2025,5.0,XLE,40994,-2202.315699999999
2024-11-08,Ira Toyota of Danvers,Danvers,2025,5.0,XLE,41004,-2212.315699999999
2024-10-17,Ira Toyota of Danvers,Danvers,2025,5.0,XLE,41004,-2212.315699999999
2024-10-19,Ira Toyota of Danvers,Danvers,2025,5.0,XLE,41004,-2212.315699999999
2024-11-01,Ira Toyota of Manchester,Manchester,2025,5.0,XLE,41009,-2217.315699999999
2024-10-22,Ira Toyota of Danvers,Danvers,2025,5.0,XLE,41029,-2237.315699999999
2024-11-01,Ira Toyota of Manchester,Manchester,2025,5.0,XLE,41053,-2261.315699999999
2024-10-18,Toyota of Nashua,Nashua,2025,5.0,XLE,41074,-2282.315699999999
2024-11-01,Nucar Toyota of Norwood,Norwood,2025,3.0,XLE,41083,-2291.1825000000026
2024-10-19,Nucar Toyota of Norwood,Norwood,2025,3.0,XLE,41109,-2317.1825000000026
2024-11-04,Toyota of Nashua,Nashua,2025,5.0,XLE,41112,-2320.315699999999
2024-10-12,Toyota of Nashua,Nashua,2025,5.0,XLE,41137,-2345.315699999999
2024-11-08,Ira Toyota of Danvers,Danvers,2025,5.0,XLE,41143,-2351.315699999999
2024-11-08,CarMax Westborough,Westborough,2018,74988.0,SE,20998,-2381.408866568221
2024-10-29,Ira Toyota of Hyannis,Hyannis,2025,5.0,XLE,41183,-2391.315699999999
2024-11-04,Ira Toyota of Danvers,Danvers,2025,5.0,XLE,41203,-2411.315699999999
2024-10-23,Nucar Toyota of Norwood,Norwood,2025,3.0,XLE,41273,-2481.1825000000026
2024-10-19,CarMax Danvers,Danvers,2019,54825.0,SE,23998,-2493.4051999444564
2024-11-01,Tasca Toyota Boston,Boston,2021,19245.0,SE,27900,-2550.3352709813844
2024-10-14,Charlie's Toyota,Augusta,2022,41145.0,LE,26995,-2577.513311045481
2024-10-31,Nucar Toyota of North Attleboro,North Attleboro,2022,26707.0,LE,27979,-2599.9425110454795
2024-10-26,Nucar Toyota of North Kingstown,North Kingstown,2025,10.0,XLE,41412,-2620.648699999998
2024-11-04,Ira Toyota of Danvers,Danvers,2025,5.0,XLE,41443,-2651.315699999999
2024-11-02,Ira Toyota of Danvers,Danvers,2025,5.0,XLE,41454,-2662.315699999999
2024-10-13,Elmwood Auto Sales,Providence,2016,126504.0,LE,14900,-2666.7629265041232
2024-10-15,Toyota of Nashua,Nashua,2025,5.0,XLE,41463,-2671.315699999999
2024-10-20,Ira Toyota of Danvers,Danvers,2025,5.0,XLE,41468,-2676.315699999999
2024-11-02,Ira Toyota of Danvers,Danvers,2025,5.0,XLE,41470,-2678.315699999999
2024-10-19,Ira Toyota of Hyannis,Hyannis,2020,65258.0,LE,22800,-2683.7957660375832
2024-10-23,Toyota of Nashua,Nashua,2025,5.0,XLE,41528,-2736.315699999999
2024-11-02,Ira Toyota of Hyannis,Hyannis,2021,68735.0,SE,24800,-2746.369270981384
2024-11-07,Canobie Lake Toyota,Salem,2025,5.0,XSE,42749,-2947.8214000000007
2024-11-01,Tasca Toyota Boston,Boston,2021,31362.0,SE,27500,-2957.327470981385
2024-11-01,Tasca Toyota Boston,Boston,2021,32106.0,SE,27500,-3006.877870981385
2024-11-08,Balise Toyota Springfield,West Springfield,2025,3.0,XLE,41799,-3007.1825000000026
2024-11-08,Balise Toyota Springfield,West Springfield,2025,3.0,XLE,41799,-3007.1825000000026
2024-11-01,Tasca Toyota Boston,Boston,2021,26549.0,SE,27900,-3036.781670981385
2024-11-01,Tasca Toyota Boston,Boston,2021,27204.0,SE,27900,-3080.4046709813847
2024-11-01,Tasca Toyota Boston,Boston,2021,27337.0,SE,27900,-3089.262470981382
2024-10-20,Nucar Toyota of Norwood,Norwood,2025,3.0,XSE,42948,-3146.688200000004
2024-11-01,Tasca Toyota Boston,Boston,2021,28930.0,SE,27900,-3195.356270981385
2024-10-16,FAZZA GROUP,Marlborough,2021,24703.0,XSE,32387,-3207.3180709813823
2024-10-27,Herb Chambers Toyota of Auburn,Auburn,2017,59948.0,LE,19998,-3279.7481210296864
2024-10-17,Nucar Toyota of Norwood,Norwood,2022,63500.0,SE,26988,-3301.3647110454767
2024-11-01,Tasca Toyota Boston,Boston,2021,30621.0,SE,27900,-3307.9768709813834
2024-10-27,Westbrook Toyota,Westbrook,2023,25172.0,SE,30798,-3322.051210514841
2024-10-25,Stamas Auto & Truck Center,Cranston,2018,93231.0,LE,19995,-3351.3842665682205
2024-10-11,McGovern Toyota of Portsmouth,Portsmouth,2025,5.0,LE,38238,-3388.3329999999987
2024-10-25,Haddad Toyota,Pittsfield,2025,1.0,LE,38293,-3443.0665999999983
2024-11-02,Jack Volkswagen,Saco,2021,38673.0,SE,27500,-3444.2400709813846
2024-10-23,FAZZA GROUP,Marlborough,2016,108350.0,LE,16998,-3555.706526504124
2024-10-19,Hartford Toyota Super Store,Hartford,2025,3.0,XLE,42353,-3561.1825000000026
2024-10-12,Wow Toyota of Wallingford,Wallingford,2025,1.0,LE,38531,-3681.0665999999983
2024-11-06,Stephen Auto Mall,Bristol,2025,5.0,LE,38583,-3733.332999999999
2024-11-06,Ira Toyota of Manchester,Manchester,2025,5.0,XSE,43607,-3805.8214000000007
2024-10-27,Hoffman Toyota,West Simsbury,2022,34541.0,SE,29450,-3834.695311045478
2024-10-16,Wow Toyota of Wallingford,Wallingford,2021,53326.0,SE,26925,-3845.1298709813855
2024-11-06,Ira Toyota of Danvers,Danvers,2025,5.0,XSE,43731,-3929.8214000000007
2024-10-25,Canobie Lake Toyota,Salem,2025,5.0,XSE,43888,-4086.8214000000007
2024-10-30,Ira Toyota of Danvers,Danvers,2023,25.0,SE,33286,-4135.2610105148415
2024-10-17,CarMax Westborough,Westborough,2022,4075.0,XSE,35998,-4160.139711045482
2024-11-06,Harpswell Auto Sales,Harpswell,2020,51273.0,SE,25995,-4189.40316603758
2024-10-24,Herb Chambers Toyota of Auburn,Auburn,2022,29115.0,LE,29998,-4779.3153110454805
2024-10-31,Canobie Lake Toyota,Salem,2025,5.0,LE,40489,-5639.332999999999
2024-11-02,McGovern Toyota of Portsmouth,Portsmouth,2025,5.0,LE,40489,-5639.332999999999
2024-11-02,Canobie Lake Toyota,Salem,2025,5.0,LE,40498,-5648.332999999999
2024-10-22,Canobie Lake Toyota,Salem,2025,5.0,LE,40767,-5917.332999999999
2024-10-15,Canobie Lake Toyota,Salem,2025,5.0,LE,40839,-5989.332999999999
2024-10-15,Canobie Lake Toyota,Salem,2025,5.0,LE,40914,-6064.332999999999
2024-10-31,Canobie Lake Toyota,Salem,2025,5.0,LE,41074,-6224.332999999999
2024-10-27,McGovern Toyota of Portsmouth,Portsmouth,2025,5.0,LE,41374,-6524.332999999999
2024-10-19,Haddad Toyota,Pittsfield,2025,1.0,LE,41668,-6818.066599999998
2024-10-27,McGovern Toyota of Portsmouth,Portsmouth,2022,61416.0,SE,31000,-7174.570311045478
2024-10-25,McGovern Toyota of Portsmouth,Portsmouth,2025,5.0,LE,42151,-7301.332999999999
2024-10-21,McGovern Toyota of Portsmouth,Portsmouth,2025,5.0,LE,42923,-8073.332999999999
2024-10-27,McGovern Toyota of Portsmouth,Portsmouth,2021,62613.0,SE,31000,-8538.644070981383
2024-10-27,McGovern Toyota of Portsmouth,Portsmouth,2025,5.0,LE,43937,-9087.333
